x,y,z
0.5573366781280447,2.382027233610068,21.774525523267663
0.0620620752859115,2.1142672382676824,22.59000899752956
-18.59942880319887,-17.652223417179556,42.376708061195885
-13.225799469399126,-0.5747444482930955,43.14517705082161
-17.147698273762213,-22.86240831867749,33.328722899307415
-13.558404339048954,-23.679406363690703,19.53359053909757
-8.11080683523252,-16.1509116831578,8.304769405975168
-8.11080683523252,-16.1509116831578,8.304769405975168
-8.11080683523252,-16.1509116831578,8.304769405975168
-14.459949060054957,-23.412590814454656,23.636967775853712
-8.11080683523252,-16.1509116831578,8.304769405975168
0.9998637902155222,2.049164125456411,4.107696060890209
-8.11080683523252,-16.1509116831578,8.304769405975168
1.846308864489992,3.801716825371172,3.9202576959149655
-17.556333585510576,-12.47230542764585,43.98055073873068
18.583742881991444,18.575704587018247,41.5493498282202
-11.078037607095894,-20.99813349699017,13.20417605303508
10.043730948692389,-3.780460898767621,40.365625127804485
-8.11080683523252,-16.1509116831578,8.304769405975168
2.8928609441110056,5.987252348352217,3.800995073705651
-8.11080683523252,-16.1509116831578,8.304769405975168
-11.078037607095894,-20.99813349699017,13.20417605303508
4.619765622949071,-7.0085914015453215,34.81110136198075
-11.078037607095894,-20.99813349699017,13.20417605303508
2.8928609441110056,5.987252348352217,3.800995073705651
-8.11080683523252,-16.1509116831578,8.304769405975168
17.746052089604806,24.26718867855456,33.53023662666702
-8.11080683523252,-16.1509116831578,8.304769405975168
10.7404729260396,20.47600125250596,12.615483422155588
-11.078037607095894,-20.99813349699017,13.20417605303508
-17.738578286329123,-20.018146139408177,38.01323354178254
13.796281278713751,24.260001639607125,19.490655610184724
-8.055994551962351,-15.928004640099326,8.671954467529934
17.715593877443165,23.44026151806689,34.3761504634039
2.8928609441110056,5.987252348352217,3.800995073705651
2.5409077985392674,-7.156663616368662,32.49106430293653
-15.80381888047877,-24.07736178428223,27.48511427223017
2.8928609441110056,5.987252348352217,3.800995073705651
-2.346559824850345,-4.618273214099905,6.572341833776729
15.789976030169855,25.245281267999683,25.758126557095327
5.332734661615316,10.918105619083317,5.233105573236976
-11.078037607095894,-20.99813349699017,13.20417605303508
5.332734661615316,10.918105619083317,5.233105573236976
2.8928609441110056,5.987252348352217,3.800995073705651
5.332734661615316,10.918105619083317,5.233105573236976
8.259745092200507,16.477904018390028,8.293843492675052
5.332734661615316,10.918105619083317,5.233105573236976
13.796281278713751,24.260001639607125,19.490655610184724
5.332734661615316,10.918105619083317,5.233105573236976
6.585838255808826,13.319821569422968,6.536723129441451
5.332734661615316,10.918105619083317,5.233105573236976
13.796281278713751,24.260001639607125,19.490655610184724
15.377002621416722,24.829492699698147,24.861697114854582
15.377002621416722,24.829492699698147,24.861697114854582
14.676468165858202,24.252967901819822,23.110554819451835
15.789976030169855,25.245281267999683,25.758126557095327
-17.927522568880892,-21.58306433612056,36.97165221723232
8.259745092200507,16.477904018390028,8.293843492675052
13.796281278713751,24.260001639607125,19.490655610184724
-8.11080683523252,-16.1509116831578,8.304769405975168
8.259745092200507,16.477904018390028,8.293843492675052
17.06759212453659,14.257384562009324,41.46772942193158
-8.11080683523252,-16.1509116831578,8.304769405975168
-8.11080683523252,-16.1509116831578,8.304769405975168
-8.11080683523252,-16.1509116831578,8.304769405975168
5.332734661615316,10.918105619083317,5.233105573236976
17.147189910002815,13.037812130151728,42.62054500079507
-0.9992812051512768,-2.0356180449109944,4.4658928337659685
13.796281278713751,24.260001639607125,19.490655610184724
1.846308864489992,3.801716825371172,3.9202576959149655
-1.4030670000301442,-2.876692758776884,4.121398357899421
8.259745092200507,16.477904018390028,8.293843492675052
-18.01037230991721,-18.39523934892441,40.242214482048055
10.7404729260396,20.47600125250596,12.615483422155588
-18.01037230991721,-18.39523934892441,40.242214482048055
1.361368957425924,2.784968113473542,4.249830809476122
-1.4030670000301442,-2.876692758776884,4.121398357899421
16.161772701047326,6.589297036252928,45.04913228331907
-1.4030670000301442,-2.876692758776884,4.121398357899421
-1.4030670000301442,-2.876692758776884,4.121398357899421
-17.556333585510576,-12.47230542764585,43.98055073873068
0.9998637902155222,2.049164125456411,4.107696060890209
-5.109627907545472,1.7816673861112702,31.396770007985964
-14.820644628524231,-4.396558046052639,43.77896977506696
10.7404729260396,20.47600125250596,12.615483422155588
-14.45851499186271,-23.44159725621929,23.58498361331201
4.497967760919782,8.698951192601418,8.091367104170489
-16.747196844512125,-23.740066884414745,31.043568387818
17.715593877443165,23.44026151806689,34.3761504634039
18.204846761887097,20.88470612063087,38.43194603916263
-17.527476342152646,-24.32207369097474,32.79090871251612
17.43239472011598,22.20150302238713,34.909370373529825
3.821069699427399,7.364090202013427,8.044679080614648
-0.9992812051512768,-2.0356180449109944,4.4658928337659685
17.746052089604806,24.26718867855456,33.53023662666702
-18.01037230991721,-18.39523934892441,40.242214482048055
17.73672383557723,18.894375869014105,39.07883959737568
18.583742881991444,18.575704587018247,41.5493498282202
0.1856483018671826,0.3541251492358709,8.464761212589297
0.9998637902155222,2.049164125456411,4.107696060890209
16.53826268811895,24.58705509657914,29.28127345427924
-2.860430860877724,-5.894157135936317,4.06162941686052
17.715593877443165,23.44026151806689,34.3761504634039
-1.4030670000301442,-2.876692758776884,4.121398357899421
16.53826268811895,24.58705509657914,29.28127345427924
0.3569567110712902,0.7166370680658475,5.260676452191767
0.1579434867648339,0.2967775203455942,8.209744726656165
1.2732446567389522,2.5662037186505025,5.107105489482706
-4.477464388249913,-8.366296799632977,9.792086377937316
18.204846761887097,20.88470612063087,38.43194603916263
18.204846761887097,20.88470612063087,38.43194603916263
-5.899315895322327,-8.071735437870323,22.64190756935665
-18.59942880319887,-17.652223417179556,42.376708061195885
0.6498520315901436,1.316341784102706,4.769508635254455
-0.1157751114167844,6.478762473366089,29.227259737055
-4.046039741828864,-8.328834344086246,4.43928597371058
-0.6937069683863065,7.172945341847512,30.52139510698201
-2.947563090553014,-4.351081425179363,16.163338659020393
-2.7725319689511494,-6.857900952805602,26.56634361778024
-2.860430860877724,-5.894157135936317,4.06162941686052
6.631263795874378,9.725528647411869,19.772211207334816
-4.046039741828864,-8.328834344086246,4.43928597371058
18.204846761887097,20.88470612063087,38.43194603916263
17.715593877443165,23.44026151806689,34.3761504634039
3.945313739042224,6.092520109745992,15.906850512491076
-2.766698106536177,-5.402317966632813,7.08577710367603
17.746052089604806,24.26718867855456,33.53023662666702
-14.588160600769196,-24.02841530386729,23.133432211809826
-2.860430860877724,-5.894157135936317,4.06162941686052
-11.496271383020169,-21.05644147913555,15.284972524191453
-1.4030670000301442,-2.876692758776884,4.121398357899421
4.848939599176028,8.372953695984236,13.380801936652096
-4.046039741828864,-8.328834344086246,4.43928597371058
-17.556333585510576,-12.47230542764585,43.98055073873068
1.7911735000491276,3.393828271304693,8.455609052926588
7.7007676877858,3.872703512863422,30.57682320594883
-17.927522568880892,-21.58306433612056,36.97165221723232
-17.927522568880892,-21.58306433612056,36.97165221723232
7.328844728351217,10.564717950683386,20.55494817450202
-1.177136532732621,-2.2756292896622825,7.320438316411991
-17.738578286329123,-20.018146139408177,38.01323354178254
-3.957124970740642,-7.700165752853327,7.587363770208299
3.321293539242737,2.131406310438972,23.2823077705761
-15.796127608345689,-24.236594272869752,27.23512800805348
4.091034534006361,6.873995610201711,24.708759226552985
-4.277831959785603,-7.02005067543228,24.762701523965028
-17.777960625048273,-22.063248458251067,36.05167437223947
-16.857943223011805,-21.77661604121173,33.705505449157464
-2.603817747871461,-4.780882147811749,10.097071020022389
-1.4030670000301442,-2.876692758776884,4.121398357899421
-8.059482381074787,-12.139809728569457,19.756733117407467
-1.90108410096523,-3.856451454845687,4.811993286358253
-0.9992812051512768,-2.0356180449109944,4.4658928337659685
-12.688212551216226,-22.502900259700265,17.933860454300415
17.746052089604806,24.26718867855456,33.53023662666702
15.789976030169855,25.245281267999683,25.758126557095327
2.8928609441110056,5.987252348352217,3.800995073705651
1.846308864489992,3.801716825371172,3.9202576959149655
4.895902088188153,3.816579148785756,24.56358436567341
17.746052089604806,24.26718867855456,33.53023662666702
-1.4030670000301442,-2.876692758776884,4.121398357899421
16.53826268811895,24.58705509657914,29.28127345427924
-18.59942880319887,-17.652223417179556,42.376708061195885
10.7404729260396,20.47600125250596,12.615483422155588
0.4229453852387398,-7.317810770975613,30.37949312943448
-7.1054027406056415,-7.404921913081602,24.900356557366017
-8.81879411177377,1.857431333816184,37.23269400259892
-9.31883142510805,-7.915237527547191,29.70212003151808
-0.9992812051512768,-2.0356180449109944,4.4658928337659685
-9.57939734018072,-11.991253203263652,25.28629261508288
-5.022653074229524,6.431878694017509,34.915439447811
7.57484367533408,13.118996974632214,14.62333700950398
-7.959386415785882,-2.5764590106363587,32.31070753103904
-1.646376780831687,-3.262525678381285,6.096912970205062
2.3343890090754456,6.432900281111745,26.40557482695373
12.435494548201763,-0.2851985934758949,42.259784795180856
-5.618974803401623,-10.682254873214088,9.415033698483176
-2.0759235877788265,0.1625990366188102,24.124499905623093
-13.558404339048954,-23.679406363690703,19.53359053909757
4.894295636794061,6.704703248389955,18.950736998755403
-6.314958634173886,-4.472476723846207,26.995009480250904
-0.2566719334729455,-1.962006931631056,21.63597457213369
10.74014608621242,3.7426136708248574,36.484851628920005
10.79630971612564,13.91541609097624,25.952435608172912
13.796281278713751,24.260001639607125,19.490655610184724
-7.284009617674811,-11.825584658091156,16.87555393030376
6.263848144373093,-1.0101737773623325,32.54262131752727
10.71395455203534,16.290651112534572,21.711286893965823
-4.046039741828864,-8.328834344086246,4.43928597371058
-7.471295050555062,-7.68609101614523,25.47005095368096
15.789976030169855,25.245281267999683,25.758126557095327
-17.527476342152646,-24.32207369097474,32.79090871251612
-17.527476342152646,-24.32207369097474,32.79090871251612
17.746052089604806,24.26718867855456,33.53023662666702
-13.558404339048954,-23.679406363690703,19.53359053909757
13.796281278713751,24.260001639607125,19.490655610184724
-9.050068778110145,-14.33234891926461,18.96050058779469
-11.21064734214164,-5.669178631009462,35.84292414534891
9.507477242253568,15.908825303899787,17.38645045510217
-7.984436764138834,5.702946234207238,38.428645404369725
-15.796127608345689,-24.236594272869752,27.23512800805348
9.233188469727262,6.560043444205446,30.98731971847776
-1.2699225724239802,-6.942305219921996,28.280992185352247
-5.344562215885091,-10.81441157451959,5.934190646862007
-4.046039741828864,-8.328834344086246,4.43928597371058
8.471532968933545,-5.356935800113121,38.922257892542696
-13.558404339048954,-23.679406363690703,19.53359053909757
-8.380805342972579,-14.55978820681795,15.062160135794656
3.060527537928037,-2.619105786924328,29.06751712581876
-14.588160600769196,-24.02841530386729,23.133432211809826
-17.527476342152646,-24.32207369097474,32.79090871251612
-8.781206227675293,-15.4846627912114,14.74264220891363
9.706546699519512,16.562952825968143,16.813767794259537
10.831390715634925,11.72840816463242,28.974924273011705
-11.246860410971816,-17.46724301143072,21.57064187603565
-17.527476342152646,-24.32207369097474,32.79090871251612
5.332734661615316,10.918105619083317,5.233105573236976
15.625160618668858,4.615758341075772,45.21576098209096
-12.64154766551891,1.367217982171122,43.2453494400094
-11.62456643409767,-14.184405810465073,27.97003528875406
-17.527476342152646,-24.32207369097474,32.79090871251612
-3.368749278714964,3.7378456075378255,30.610437407364657
-13.558404339048954,-23.679406363690703,19.53359053909757
-16.11661977860947,-6.797327387351408,44.82240261432421
1.6236427025376623,-1.5153223734075063,25.29183441868332
-7.984436764138834,5.702946234207238,38.428645404369725
-9.95534423742144,-15.13469845613505,21.00785239295795
17.41944764001332,9.420768724054687,45.82617429602312
8.169104954881911,14.834591568793083,13.033968477592262
11.316169695411713,12.426952017014884,29.36954867997605
-11.429175608297664,-13.068131617668888,28.87679907457987
-9.579872518436629,-16.638924955619306,15.99691840769488
4.619765622949071,-7.0085914015453215,34.81110136198075
-8.872648283787077,-0.5449218849718821,35.60292695670806
-3.918310713089344,-2.2029498814184683,24.64964849436764
12.77373928937669,7.875162896429926,37.19018980039355
13.796281278713751,24.260001639607125,19.490655610184724
11.307322661492051,19.06098775330374,18.711873570534035
1.5929199119495825,2.891153969323228,10.164022720632538
13.796281278713751,24.260001639607125,19.490655610184724
-12.58017743539964,-10.519882148689623,34.436221580984245
10.86092726481165,9.388536041069267,31.64012784310376
12.500092250943936,17.58852615813892,25.78160041405516
10.853848661855215,18.653022329382285,17.519814341781416
6.585838255808826,13.319821569422968,6.536723129441451
-13.969490234974652,-13.293364030740824,34.995445177699914
8.433312332999714,-1.585323238999578,36.43266030319056
-13.642195358973156,-18.07919602285787,28.674168979929902
-10.719083179230138,-2.318262469260268,37.5189875762864
-17.527476342152646,-24.32207369097474,32.79090871251612
13.460648411855802,18.34420069075104,27.766158554359293
-10.345439634833372,-18.13263959356482,16.2526745919246
1.500637427534492,6.966146747985716,28.07482031370223
9.451093199571163,17.379951394957295,13.37423231602732
-12.64154766551891,1.367217982171122,43.2453494400094
11.283309045575413,18.85789459322198,19.01956163163384
-18.59942880319887,-17.652223417179556,42.376708061195885
-7.938940888257622,-4.129778275712005,30.7852963169157
9.9818047553044,2.381519533932049,36.145478206211735
13.796281278713751,24.260001639607125,19.490655610184724
-12.24882966030106,-8.530218888830078,35.53236971182931
12.110732230665642,18.02616427508937,23.784286597417697
-14.688191903374712,-3.283264094818344,44.217451562249074
13.796281278713751,24.260001639607125,19.490655610184724
-7.844654585812694,-14.734635878038445,11.229635548273162
17.139140757467178,13.699690813937426,42.083295396026834
-13.558404339048954,-23.679406363690703,19.53359053909757
8.265538622207185,15.646818995956885,11.114237536768153
5.210057543606858,1.4215779769774295,28.362347988552045
12.355121816593904,-1.9367343124538223,43.07745572573402
13.978343853324384,16.383877516589585,31.72864698097541
12.806542746809516,6.154497179089737,38.61783927059662
6.1370724014470674,-3.8016246209422353,34.54879174605583
12.11267704039998,13.09353608797668,30.624312195122343
12.51444868135776,15.875895430372712,28.26333553514601
10.7404729260396,20.47600125250596,12.615483422155588
11.2515908395256,20.121269920184982,16.173537722185507
-12.04591554749877,-18.107953926105093,23.40678928791077
12.129779424579098,20.53941729200445,19.337822890822867
-10.96180291423485,-18.9995909668728,17.265532439614358
-2.727943192392161,6.266071084956328,31.98909809573517
16.132372272960925,10.589575179761244,42.21250099745485
11.728281472246666,8.712568286132555,34.25076506474293
-11.078037607095894,-20.99813349699017,13.20417605303508
-13.06366594340668,-19.63812056164125,24.542719884563567
0.5688425858022149,0.7682493237130787,14.422844517054076
-13.972010929574632,-17.829021593687266,29.97413830158673
-7.058660156722418,2.787935381501694,35.16264080057217
-2.658592673830459,1.5862255689699356,27.26203892309953
-3.4254668338527523,-6.750666056613474,25.534060981688985
14.676468165858202,24.252967901819822,23.110554819451835
-17.292878435149902,-10.0078342577824,45.154509671534974
-10.703016682686563,2.925771766259218,40.91211940605573
-5.702962317713975,-8.69301427289638,17.37367262553144
15.35395643360198,3.487295011616778,45.37163674094671
-15.06694261436968,-17.323676306937696,33.61622134938695
8.292913354354862,5.325724861826727,30.27484495027349
-17.527476342152646,-24.32207369097474,32.79090871251612
-13.558404339048954,-23.679406363690703,19.53359053909757
-11.8371773588647,-19.831275360393967,19.46736778619246
14.12898071652379,20.689654587416022,26.610931980804818
8.471532968933545,-5.356935800113121,38.922257892542696
-14.784564143812132,-20.4181415319926,29.10379730958274
6.2574501733441625,11.06127909914718,13.00347790279202
0.4229453852387398,-7.317810770975613,30.37949312943448
-13.558404339048954,-23.679406363690703,19.53359053909757
6.428829504244964,12.2075452287159,9.8733755397794
-16.11661977860947,-6.797327387351408,44.82240261432421
-6.096543823172426,-12.134538639999317,7.213077730090055
15.789976030169855,25.245281267999683,25.758126557095327
12.355121816593904,-1.9367343124538223,43.07745572573402
14.613676122320816,14.8449006926926,35.03429460376625
10.54837354864088,2.988648922502498,36.70988306383322
-6.846328962497962,-9.146990205522329,21.09330357724572
17.41944764001332,9.420768724054687,45.82617429602312
-7.316348038090893,-0.4391124024870093,33.04902580722458
2.144165569976628,3.5644784482018554,16.363255078857126
4.697695444743237,-3.240073201788285,32.04967885023359
-10.148113341528951,-18.232569858343577,15.003463592597654
-13.691031400747262,-7.359220082309546,39.48584051873385
-0.6937069683863065,7.172945341847512,30.52139510698201
-7.859807127806675,-13.945227463814163,13.833587823778643
12.6987666974015,19.231467111355137,23.90281319846069
14.788914976448096,15.593146413015896,34.71506458455328
3.748833226653752,1.8446072962774085,24.796822515608383
-1.332092778793919,3.386936667114902,27.310287398277698
-1.6075025525057005,-2.444393420517197,14.63507282825208
-4.230416470650914,-7.49310590625075,12.109857843910838
6.388406161847838,8.616939032800929,22.5184627956707
10.603547975207734,19.815464533608964,13.519172599120198
-9.39942244036311,-17.757603868755936,12.015633586347793
-12.64154766551891,1.367217982171122,43.2453494400094
-6.154461505595951,5.648938584326346,35.86326734809991
4.941523446302934,7.242600285985151,23.668494855959853
-9.53279825260024,0.1750442101193146,37.239129309611606
13.692897947574448,21.996166505766663,23.03276630734795
15.789976030169855,25.245281267999683,25.758126557095327
2.746816100656253,5.33948569446745,7.317171845822176
16.53826268811895,24.58705509657914,29.28127345427924
13.984617618661437,1.2921176153534806,44.09660455038463
-14.408359739056698,-19.272628845313783,29.43592440355069
-0.8388140193949982,-2.1280699198949606,19.761847387628617
13.796281278713751,24.260001639607125,19.490655610184724
-13.423277464050956,-19.31268333232255,26.26820756675044
-11.454228011808553,-15.913177772565888,24.955406990004764
2.660939843225034,-3.5630494373411703,29.44857322593928
-5.50339847009774,-1.4338655756196057,28.900213496569176
12.355121816593904,-1.9367343124538223,43.07745572573402
-14.625411604585922,-13.553954375538734,36.31449837191051
-9.375653699731512,-17.431210574093864,12.79129235206835
11.933120969526914,12.238335811133496,31.113654022728927
9.88072876466921,-0.6691526294634733,38.15749178980948
14.12898071652379,20.689654587416022,26.610931980804818
2.836327109936549,5.981904334240296,24.839926620213763
8.471532968933545,-5.356935800113121,38.922257892542696
-3.218640779122408,-0.6162267196116059,25.427494221879805
3.912200389790807,8.04580838515157,4.4546158390994925
-9.162754947236426,-6.112849026340644,31.28538177864678
-16.510204566904672,-14.45060168573122,39.990672692837215
8.424079144276817,15.939664335443284,11.243552676809587
-0.1581340496758947,4.29147692032442,26.703873832958777
-0.1444819319240217,-5.095773238301564,27.327827233776297
-16.747196844512125,-23.740066884414745,31.043568387818
3.796369364993737,6.378439584396603,14.220637215159655
15.683468745532153,17.278422569296477,35.2986644889358
10.600807094391907,19.4107059738426,14.50700748441592
8.032205945615383,4.377758405781043,30.72090543489882
-3.398463307118075,-3.371412914488364,21.09776365066164
-9.457438290239988,-10.4300354195432,26.948732525087625
-4.006687159848696,6.175329116612707,33.46198497718817
-5.214778005276882,-9.052181965010211,13.156413939293143
14.205514448600248,17.162180693819263,31.45194271736469
14.681603829577128,12.626059250414706,37.297327423255794
-14.744792439412594,-12.16294467597969,37.85198174832701
7.419075740402622,1.0440145204495808,32.70646487401303
-12.251914714562366,-20.353461135948024,20.21152369354916
17.41944764001332,9.420768724054687,45.82617429602312
-2.7725319689511494,-6.857900952805602,26.56634361778024
-7.053831093833123,-10.140492757719953,19.794253072347296
2.242854057537291,2.703739150966117,18.118742775056347
-5.0816877813630095,-5.223753444339649,22.747740507263025
15.338817767555394,23.09510972527288,27.26870615429072
4.395148923341544,4.685781215885004,21.644503122065903
-15.796127608345689,-24.236594272869752,27.23512800805348
13.63225974624991,21.688366272438422,23.310961171532853
15.201179870080797,10.089433495762902,40.56868021776144
-15.796127608345689,-24.236594272869752,27.23512800805348
-13.558404339048954,-23.679406363690703,19.53359053909757
-10.586613086834143,-19.76215147750631,13.55939524383022
-10.853434572748752,-3.9292173857440393,36.55343151760962
9.303662531053115,13.707742195424071,21.20315962564037
2.050198531338572,3.4851353490112134,14.03971098002511
8.471532968933545,-5.356935800113121,38.922257892542696
5.64504359312679,11.077576090698578,7.785680064504878
-6.884470864416183,-13.403348286019716,8.826624012594058
13.697742038374692,20.20630331926945,25.86413000426764
13.042249899903991,21.45124855806046,21.42819087143164
-13.533308525728158,-16.782183880736532,30.02476377603058
6.79980317724699,13.162567804565338,9.08531998019274
-4.965545600392688,3.671344024014656,32.78632668074714
2.5409077985392674,-7.156663616368662,32.49106430293653
10.262537790882046,12.6438029178325,26.2587632573576
8.843445879862307,11.41711991574704,24.071001009778826
-13.942387714517048,-20.87837788910981,25.698477826686464
2.3343890090754456,6.432900281111745,26.40557482695373
1.03357967011098,-2.005071932367209,24.88377496633032
14.401415317917456,5.796716147837671,42.03585491195253
-14.588160600769196,-24.02841530386729,23.133432211809826
5.402593057391361,-5.198785414995905,34.54395042320916
-11.75024646626072,-20.21980693286666,18.30606105561476
-6.621882647057397,-11.730209091830895,13.124944157976334
15.365084455550225,18.87338962568674,32.711243554972874
-13.558404339048954,-23.679406363690703,19.53359053909757
15.35395643360198,3.487295011616778,45.37163674094671
-11.041429007553,-1.7639563248375212,38.49101716143259
-7.984436764138834,5.702946234207238,38.428645404369725
-14.688191903374712,-3.283264094818344,44.217451562249074
12.500324945677267,20.859890900750603,20.29408316198376
14.233566185192114,21.7291905894818,25.43231445360291
-1.6647816664706812,-2.9259306602654203,12.255569879447023
14.856183780328548,20.167428009927622,29.6514758132917
-11.078037607095894,-20.99813349699017,13.20417605303508
7.292636343983913,-1.982682025204349,34.92914873427667
12.75286949757134,6.676912943615147,38.10826666233911
0.4229453852387398,-7.317810770975613,30.37949312943448
-2.2678258465790355,-3.871782470284034,19.20353779477953
-10.054896243626596,2.9046967091188183,39.86295876819129
12.089274268694073,21.1193194064181,17.99981860169732
18.583742881991444,18.575704587018247,41.5493498282202
8.422901363799749,0.503393714372402,34.87105617267786
-17.527476342152646,-24.32207369097474,32.79090871251612
5.329712379860975,0.78246913320968,29.27910179114048
-11.496271383020169,-21.05644147913555,15.284972524191453
-9.34851598962567,-18.00942395659577,10.967946911182525
-8.828526753560347,-16.713269549109746,11.4973641388894
-13.558404339048954,-23.679406363690703,19.53359053909757
13.796281278713751,24.260001639607125,19.490655610184724
-1.2699225724239802,-6.942305219921996,28.280992185352247
13.796281278713751,24.260001639607125,19.490655610184724
-13.558404339048954,-23.679406363690703,19.53359053909757
12.355121816593904,-1.9367343124538223,43.07745572573402
0.2156510948576123,-1.846087173607159,22.748236400916305
-13.922931690222024,-20.40483780380324,26.333808809436245
-15.796127608345689,-24.236594272869752,27.23512800805348
18.583742881991444,18.575704587018247,41.5493498282202
9.74180030442134,18.74623558995586,11.321797607218912
17.41944764001332,9.420768724054687,45.82617429602312
0.7921134655855318,2.685088643768907,21.833378179594565
-4.819253520824278,-7.154023757607039,23.71145010651801
-17.576627281285376,-14.310629111614862,42.62080869215097
15.625160618668858,4.615758341075772,45.21576098209096
12.79250149528194,3.090383941852452,40.77285961656524
-13.53231370258188,-7.419511051841462,39.115755684140616
-13.922931690222024,-20.40483780380324,26.333808809436245
-13.134274775454529,-21.176787834350588,22.26939881257989
1.2729580668591636,-1.549173389878385,24.641465379756
9.74180030442134,18.74623558995586,11.321797607218912
-9.34851598962567,-18.00942395659577,10.967946911182525
-13.558404339048954,-23.679406363690703,19.53359053909757
-6.392034683190876,3.2947223297616905,34.54467760598732
-13.558404339048954,-23.679406363690703,19.53359053909757
-12.846671966855371,-21.581993290883588,20.394297141241285
14.52606069372242,19.595078364604586,29.377567429324053
-8.488914131549333,-9.733708400029688,25.26566810095567
13.796281278713751,24.260001639607125,19.490655610184724
-4.277831959785603,-7.02005067543228,24.762701523965028
10.7404729260396,20.47600125250596,12.615483422155588
13.764217117755852,23.18743824536068,21.284293882579554
11.2515908395256,20.121269920184982,16.173537722185507
3.6666541651872975,6.443044894794436,12.020733663037875
-17.292878435149902,-10.0078342577824,45.154509671534974
-5.13017687360176,-10.03589925150314,7.732540878001249
-10.139359495428693,-7.795382955389347,31.671261992293005
-17.527476342152646,-24.32207369097474,32.79090871251612
-6.703536023505639,-12.474189642192394,11.006061296547054
-14.277911924629688,-9.272258282526714,39.22632971494874
-0.6937069683863065,7.172945341847512,30.52139510698201
14.977753615228,21.971876423810112,27.624625200620454
15.789976030169855,25.245281267999683,25.758126557095327
-6.549133656640469,-8.748157127263564,22.745196265752227
-18.01037230991721,-18.39523934892441,40.242214482048055
-15.796127608345689,-24.236594272869752,27.23512800805348
13.473344523797302,22.72469919323408,20.912312057878463
8.259745092200507,16.477904018390028,8.293843492675052
4.032814609080743,8.101800967471481,5.866967362358173
13.764217117755852,23.18743824536068,21.284293882579554
-14.529008571622324,-21.20806137427136,27.20419476581491
8.848738652751154,17.01004775770702,10.72275623419936
-14.015136811979126,-10.512235663641036,37.63905077544236
15.789976030169855,25.245281267999683,25.758126557095327
10.7404729260396,20.47600125250596,12.615483422155588
-11.078037607095894,-20.99813349699017,13.20417605303508
-13.558404339048954,-23.679406363690703,19.53359053909757
-6.01498179958742,-1.6918347730946397,29.58099903502542
-11.078037607095894,-20.99813349699017,13.20417605303508
-11.078037607095894,-20.99813349699017,13.20417605303508
-4.777028572109601,2.5040074096036213,31.531478659371672
-11.078037607095894,-20.99813349699017,13.20417605303508
-1.712569520922103,4.0675258737507205,28.6451012183478
15.789976030169855,25.245281267999683,25.758126557095327
-4.1414590993098175,-6.8332274032371565,15.021009586676804
-14.588160600769196,-24.02841530386729,23.133432211809826
-8.506795282552963,-5.798396991350026,30.23322964026612
13.473344523797302,22.72469919323408,20.912312057878463
5.084292211551855,9.94985420830474,7.692639652335748
13.796281278713751,24.260001639607125,19.490655610184724
-14.588160600769196,-24.02841530386729,23.133432211809826
-17.527476342152646,-24.32207369097474,32.79090871251612
-11.496271383020169,-21.05644147913555,15.284972524191453
14.676468165858202,24.252967901819822,23.110554819451835
-3.4050533754280647,2.626619050069682,29.595384423491755
9.74180030442134,18.74623558995586,11.321797607218912
-9.398360996124586,-15.595550164708882,17.60146621279226
16.53826268811895,24.58705509657914,29.28127345427924
16.53826268811895,24.58705509657914,29.28127345427924
-7.984436764138834,5.702946234207238,38.428645404369725
16.634828889791947,22.05110988815977,32.7301087468667
-11.716259394516012,-20.76731369750913,17.00291512284971
-5.427601637358859,-10.731544325218294,7.2788714198574755
-15.674737866107282,-20.109609600956443,32.16701064301555
-17.527476342152646,-24.32207369097474,32.79090871251612
6.585838255808826,13.319821569422968,6.536723129441451
-17.927522568880892,-21.58306433612056,36.97165221723232
-11.496271383020169,-21.05644147913555,15.284972524191453
-11.078037607095894,-20.99813349699017,13.20417605303508
15.789976030169855,25.245281267999683,25.758126557095327
15.789976030169855,25.245281267999683,25.758126557095327
-11.496271383020169,-21.05644147913555,15.284972524191453
12.588680266903213,19.66453376044008,22.778070700632377
6.739812644243123,4.846065352108012,27.48141628342085
-11.197794589588828,-18.516853723745253,19.33991995424041
-15.246246628155,-22.103306096029044,28.33034865262412
13.796281278713751,24.260001639607125,19.490655610184724
10.7404729260396,20.47600125250596,12.615483422155588
13.796281278713751,24.260001639607125,19.490655610184724
-17.97285920549775,-15.947892737189427,42.24731769247783
-3.3518579306039022,-6.779075574769184,5.2849831420096
12.383698284949842,21.474734734817314,18.609401746327883
15.789976030169855,25.245281267999683,25.758126557095327
8.259745092200507,16.477904018390028,8.293843492675052
-5.022653074229524,6.431878694017509,34.915439447811
13.796281278713751,24.260001639607125,19.490655610184724
-6.0265589064502665,3.180929500337733,33.92528497920206
-13.558404339048954,-23.679406363690703,19.53359053909757
-11.034265615840008,-20.01711046610063,15.321771726911802
-13.558404339048954,-23.679406363690703,19.53359053909757
4.619765622949071,-7.0085914015453215,34.81110136198075
5.689461361864403,8.146268686114286,18.76397319590016
11.2515908395256,20.121269920184982,16.173537722185507
8.787959390216017,13.667559582408517,19.222699308023497
2.1346970596384183,4.219293884709382,6.304384260074261
13.764217117755852,23.18743824536068,21.284293882579554
17.746052089604806,24.26718867855456,33.53023662666702
13.796281278713751,24.260001639607125,19.490655610184724
12.14034504412585,21.07520937734308,18.320385995776604
8.327151989607087,16.07653564374013,10.14165728746473
15.789976030169855,25.245281267999683,25.758126557095327
-4.461084438182209,-6.1945636174783125,18.36797213082475
-17.927522568880892,-21.58306433612056,36.97165221723232
13.796281278713751,24.260001639607125,19.490655610184724
-13.558404339048954,-23.679406363690703,19.53359053909757
3.912200389790807,8.04580838515157,4.4546158390994925
